{"cameraMode":{"drawMode":0,"name":"Shaded","section":"Shading Mode"},"sceneLighting":true,"audioPlay":false,"sceneViewState":{"showFog":true,"showMaterialUpdate":false,"showSkybox":true,"showFlares":true,"showImageEffects":true,"showParticleSystems":true},"in2DMode":false,"pivot":{"x":-11.561094284057618,"y":0.4796324670314789,"z":-5.451882839202881},"rotation":{"x":-0.08597932755947113,"y":0.745582103729248,"z":-0.0980893149971962,"w":-0.6535292267799377},"size":22.80434799194336,"orthographic":false}